wavenumber;E3-PBE;PB sigma;PBE modificado (E2-bis)
1,00119;1,237689517;0,003417014;9,04631658
1,0062;1,23825621;0,002913208;9,050306906
1,01122;1,235909543;0,002793486;9,048611503
1,01624;1,236955603;0,005509825;9,049054913
1,02126;1,236012662;0,003362566;9,050833685
1,02627;1,233827874;0,00304333;9,045420232
1,03129;1,231407118;0,004982838;9,042022097
1,03631;1,230120678;0,003669309;9,041066383
1,04133;1,231288902;0,003237982;9,044269503
1,04634;1,231470523;0,003401064;9,043160183
1,05136;1,233700368;0,003599297;9,045816736
1,05638;1,23481471;0,002154518;9,045929482
1,0614;1,235075528;0,001670422;9,045700631
1,06641;1,237812378;0,001616029;9,049440179
1,07143;1,239611862;0,001750132;9,049782021
1,07645;1,243249614;0,001959604;9,050824829
1,08147;1,245130154;0,001862099;9,055414918
1,08648;1,248896574;0,001897153;9,056594353
1,0915;1,253609418;0,002223208;9,06087772
1,09652;1,258048903;0,002276554;9,062459156
1,10154;1,264523606;0,002109849;9,068826917
1,10655;1,27219301;0,00207182;9,074756155
1,11157;1,278288679;0,002142879;9,078302826
1,11659;1,288524228;0,002146556;9,081847054
1,12161;1,295749336;0,002279295;9,087822709
1,12662;1,30241193;0,002416345;9,095015605
1,13164;1,315977499;0,002361676;9,098998968
1,13666;1,323740965;0,002366208;9,107978941
1,14168;1,336078854;0,002354789;9,116985177
1,14669;1,347177682;0,002600818;9,120946553
1,15171;1,362452621;0,002719162;9,13405586
1,15673;1,380269783;0,002804767;9,191951433
1,16175;1,407399064;0,002804849;9,159522021
1,16676;1,418370153;0,002986402;9,163512713
1,17178;1,4517744;0,003243491;9,203274273
1,1768;1,528533472;0,003445085;9,231851635
1,18182;1,93445774;0,003732848;9,407661347
1,18683;2,100738095;0,003948064;9,499369698
1,19185;1,765557589;0,004172013;9,422631634
1,19687;1,610803868;0,004817951;9,314363804
1,20189;1,555774233;0,005325008;9,29570454
1,2069;1,560530741;0,005738691;9,324200671
1,21192;1,663694469;0,006400813;9,459934282
1,21694;1,588563479;0,007030897;9,327696038
1,22196;1,619327493;0,008024831;9,386483317
1,22697;1,550669348;0,008290873;9,312753235
1,23199;1,513318686;0,009340688;9,27692007
1,23701;1,458275116;0,010016432;9,228841209
1,24203;1,439634622;0,010409675;9,225489981
1,24704;1,424155999;0,011110295;9,218600021
1,25206;1,40833852;0,01155884;9,208178048
1,25708;1,400783384;0,012216651;9,19933122
1,2621;1,46716802;0,01204379;9,214520769
1,26711;1,410837545;0,012273055;9,206442274
1,27213;1,40142254;0,012026035;9,197539256
1,27715;1,399821631;0,011862595;9,20684965
1,28217;1,405345033;0,011330415;9,206935156
1,28718;1,421360621;0,010677742;9,218263493
1,2922;1,441227866;0,010514053;9,227934844
1,29722;1,466777838;0,010068015;9,244515089
1,30224;1,486175471;0,008954097;9,258575346
1,30725;1,532579291;0,008561309;9,291862873
1,31227;1,581326527;0,008497136;9,33665891
1,31729;1,613500307;0,008636445;9,385432203
1,32231;1,640571524;0,007781503;9,397722484
1,32732;1,693898757;0,007243455;9,442878258
1,33234;1,734918991;0,007909696;9,4878392
1,33736;1,73609186;0,007911707;9,508160947
1,34238;1,733346649;0,007849546;9,51319237
1,34739;1,746935676;0,007941899;9,535247449
1,35241;1,750208097;0,008806428;9,548404395
1,35743;1,72655562;0,009474983;9,540749156
1,36245;1,698576299;0,010275904;9,533366314
1,36746;1,685389067;0,012727124;9,540628226
1,37248;1,665622155;0,016830943;9,509021505
1,3775;1,651213281;0,021288432;9,499982288
1,38252;1,633566823;0,023325446;9,484482474
1,38753;1,625212742;0,032110262;9,48582492
1,39255;1,619850059;0,042872727;9,489176149
1,39757;1,624258189;0,048128273;9,498019923
1,40259;1,630292079;0,047681725;9,511389413
1,4076;1,6416213;0,058934676;9,531395399
1,41262;1,656311198;0,066572132;9,553792501
1,41764;1,674271195;0,061240968;9,582016845
1,42266;1,694026495;0,055511464;9,606110633
1,42767;1,725306107;0,058893355;9,652552052
1,43269;1,751861727;0,056845873;9,685111555
1,43771;1,78167351;0,045050646;9,724548192
1,44273;1,817505249;0,037792797;9,767044726
1,44774;1,855592148;0,034937756;9,820657053
1,45276;1,902130674;0,029020239;9,878111048
1,45778;1,94909422;0,023585358;9,939351742
1,4628;2,016491239;0,020581559;10,02998821
1,46781;2,155435611;0,018217555;10,22317704
1,47283;2,449412404;0,016627916;10,6223684
1,47785;2,610081567;0,015415818;10,806915
1,48287;2,639907285;0,015170369;10,83438078
1,48788;3,146484644;0,014897784;11,59772432
1,4929;3,7428736;0,014362533;12,37302038
1,49792;3,510039297;0,014903569;11,96631059
1,50294;3,428142825;0,013682312;11,8729929
1,50795;4,061104402;0,013478666;12,87538707
1,51297;3,881945709;0,013444782;12,61927185
1,51799;3,371877613;0,012521618;11,8043376
1,52301;3,287331153;0,011373789;11,77946143
1,52802;3,393542019;0,012183374;12,08678259
1,53304;2,97183395;0,01251261;11,57151059
1,53806;2,68411633;0,012140703;11,26450092
1,54308;2,592641813;0,013677959;11,42905131
1,54809;2,467901934;0,014496552;11,4283184
1,55311;2,350106371;0,014241874;11,12691549
1,55813;2,291690511;0,013583071;10,79469984
1,56315;2,425620576;0,013260915;10,67361098
1,56816;2,489796269;0,012871391;10,57974971
1,57318;2,492697088;0,012508588;10,44242691
1,5782;2,518024098;0,013423198;10,38385523
1,58322;2,1566828;0,013285556;10,05740513
1,58823;2,046145092;0,013227224;9,962530003
1,59325;1,886374742;0,013958959;9,791395643
1,59827;1,737373888;0,015644051;9,627107878
1,60329;1,672136805;0,017984364;9,578610037
1,6083;1,648635291;0,020113662;9,581648558
1,61332;1,645685699;0,017210825;9,597984499
1,61834;1,672136805;0,016713039;9,703935113
1,62335;1,746921741;0,020699876;9,934661121
1,62837;1,743484421;0,021111163;9,94074427
1,63339;1,745388882;0,023835904;9,976650726
1,63841;1,762101689;0,037084547;10,04923319
1,64342;1,664674569;0,076925789;9,795768669
1,64844;1,633692239;0,087493905;9,734375286
1,65346;1,605406347;0,090690813;9,680842357
1,65848;1,575601531;0,061481735;9,594402404
1,66349;1,562985638;0,031398706;9,559551948
1,66851;1,543404526;0,021359919;9,489634217
1,67353;1,525175118;0,012459195;9,454467389
1,67855;1,51137242;0,009572694;9,428116239
1,68356;1,507890972;0,008230943;9,421369197
1,68858;1,505835547;0,00794391;9,419538145
1,6936;1,506286115;0,008301052;9,43963269
1,69862;1,505768195;0,007573642;9,44813444
1,70363;1,520109716;0,007169173;9,486236571
1,70865;1,521024786;0,006783313;9,515146185
1,71367;1,512329295;0,006904523;9,498547007
1,71869;1,507695881;0,006752983;9,492119391
1,7237;1,517417922;0,007044217;9,520210589
1,72872;1,516711878;0,006380924;9,539555735
1,73374;1,496083313;0,006434669;9,478624085
1,73876;1,478204604;0,006942428;9,420073169
1,74377;1,476790193;0,006796233;9,427828572
1,74879;1,466691905;0,006904316;9,414405336
1,75381;1,452594248;0,007423962;9,371435464
1,75883;1,444291262;0,007345823;9,341778893
1,76384;1,440600788;0,007395133;9,328530333
1,76886;1,440136285;0,00798362;9,316903946
1,77388;1,436071886;0,007811185;9,301640496
1,7789;1,437623325;0,007476536;9,294449432
1,78391;1,437514167;0,007919407;9,28923356
1,78893;1,436027759;0,0077543;9,280300004
1,79395;1,436924249;0,00713135;9,27616273
1,79897;1,442493636;0,007396111;9,280706769
1,80398;1,450833782;0,007724066;9,280356194
1,809;1,459680236;0,007476288;9,281695586
1,81402;1,47060534;0,007176845;9,284811673
1,81904;1,480859237;0,007170013;9,285482896
1,82405;1,497846101;0,007473244;9,291235014
1,82907;1,512152784;0,00758389;9,3022482
1,83409;1,530145296;0,007613462;9,311183588
1,83911;1,552708515;0,008086607;9,325477155
1,84412;1,583193828;0,008465098;9,342512414
1,84914;1,59784192;0,00867716;9,354398373
1,85416;1,607979692;0,009412367;9,365908105
1,85918;1,625874659;0,01011632;9,377496626
1,86419;1,657381877;0,010507511;9,391128131
1,86921;1,669268501;0,011419532;9,398131692
1,87423;1,682906301;0,012282174;9,409976119
1,87925;1,705652998;0,012873801;9,421001521
1,88426;1,728046673;0,01383954;9,432561946
1,88928;1,776656881;0,015398877;9,469102369
1,8943;1,832838483;0,017066889;9,507595385
1,89932;1,884827948;0,018448956;9,541400834
1,90433;1,950759462;0,021908255;9,585544582
1,90935;2,039365675;0,023704777;9,644917578
1,91437;2,120690808;0,027242725;9,6926422
1,91939;2,201333123;0,031438237;9,73348358
1,9244;2,308394028;0,034869851;9,793814244
1,92942;2,468364114;0,035822725;9,905204268
1,93444;2,619634065;0,03663125;9,998521966
1,93946;2,788234611;0,040311895;10,09675016
1,94447;3,021463741;0,044605614;10,28251217
1,94949;3,375863046;0,043279331;10,57259163
1,95451;3,781404099;0,044377243;10,87697504
1,95953;4,114475762;0,0489598;11,14773623
1,96454;4,414219357;0,052873774;11,40248945
1,96956;4,448104829;0,063176881;11,39931351
1,97458;4,327380576;0,074281488;11,28869304
1,9796;4,222681667;0,082851433;11,19642584
1,98461;4,157906765;0,095321716;11,10754225
1,98963;4,315930585;0,114245593;11,23050003
1,99465;4,619552777;0,127897396;11,41823479
1,99967;5,1947697;0,142121226;11,87411669
2,00468;6,835997102;0,162768211;13,19000067
2,0097;9,617625091;0,195635346;15,13249782
2,01472;10,35971461;0,218521957;15,7021517
2,01974;9,949001319;0,247277601;15,60595733
2,02475;7,944184426;0,295480528;14,3803678
2,02977;7,167535906;0,359758903;14,61861224
2,03479;6,996087958;0,431920046;14,91810347
2,03981;5,791121495;0,475427471;13,54432575
2,04482;4,69821631;0,509619649;12,49334579
2,04984;4,04359265;0,475522511;12,02493114
2,05486;3,426981569;0,419206792;11,43539708
2,05988;3,034541815;0,390791362;11,00293164
2,06489;2,622388566;0,396270595;10,32249849
2,06991;2,405944241;0,452078059;10,10438463
2,07493;2,294001412;0,567077219;10,02411272
2,07995;2,220424184;0,745171581;9,981591757
2,08496;2,194662864;1,213454561;10,01710122
2,08998;2,170624849;1,797403356;10,02909651
2,095;2,167301332;1,790874556;10,04387685
2,10002;2,209197154;1,503731333;10,11027844
2,10503;2,229358893;0,805243425;10,16985788
2,11005;2,254774159;0,411390138;10,23626558
2,11507;2,355740789;0,27080194;10,39122097
2,12009;2,450438955;0,203665494;10,5557225
2,1251;2,512004143;0,158833025;10,65530046
2,13012;2,627240297;0,11616057;10,86039907
2,13514;2,855740789;0,08605385;11,15731291
2,14016;2,803920867;0,064679882;11,13216801
2,14517;2,90052814;0,050016391;11,32014096
2,15019;2,983130655;0,042867217;11,46515321
2,15521;2,955195463;0,036661414;11,44664114
2,16023;2,874077033;0,031240307;11,38590126
2,16524;2,695396778;0,02751958;11,16709725
2,17026;2,644777596;0,025667687;11,15105875
2,17528;2,430488564;0,024144989;10,82994668
2,1803;2,333261181;0,021793106;10,71945447
2,18531;2,147051337;0,019577308;10,43942809
2,19033;2,009010423;0,017810676;10,23749931
2,19535;1,883699207;0,016538524;9,996616401
2,20037;1,78421434;0,015037451;9,814195235
2,20538;1,701500344;0,013571873;9,67816113
2,2104;1,612608461;0,012533216;9,535412964
2,21542;1,546507404;0,011703948;9,415491874
2,22044;1,488772041;0,011476666;9,314909211
2,22545;1,458244923;0,01238742;9,270479017
2,23047;1,430032422;0,012892065;9,236267414
2,23549;1,408267916;0,013097557;9,209251761
2,24051;1,394264785;0,013926315;9,193184553
2,24552;1,379904916;0,014038435;9,174428178
2,25054;1,372231564;0,013322815;9,16691891
2,25556;1,3678736;0,013587107;9,15205917
2,26058;1,377573577;0,013142763;9,147201813
2,26559;1,356805197;0,010555513;9,138581576
2,27061;1,357267842;0,009447215;9,137391209
2,27563;1,370554477;0,009061396;9,138711057
2,28065;1,385256684;0,007656478;9,142019532
2,28566;1,370768148;0,006200555;9,145508181
2,29068;1,35037555;0,005597482;9,13043773
2,2957;1,353214823;0,005085797;9,120699806
2,30072;1,348522185;0,004350563;9,120127526
2,30573;1,332642927;0,003729432;9,111590352
2,31075;1,326892849;0,003387648;9,107459797
2,31577;1,320527071;0,002986031;9,10358576
2,32079;1,315512532;0,002601355;9,09777562
2,3258;1,310789237;0,002206955;9,094047554
2,33082;1,302962598;0,001956574;9,087084303
2,33584;1,300319346;0,001910735;9,083883321
2,34086;1,292893341;0,001987469;9,075805437
2,34587;1,287360649;0,001812913;9,072410845
2,35089;1,282145213;0,001860777;9,06617745
2,35591;1,278915061;0,001829882;9,064378157
2,36093;1,275631259;0,001881617;9,061549737
2,36594;1,272658674;0,002113899;9,061506373
2,37096;1,271061482;0,001969053;9,057718819
2,37598;1,268706917;0,002079037;9,058925921
2,381;1,267808105;0,002031999;9,05413532
2,38601;1,268678583;0,002097453;9,059854701
2,39103;1,264812759;0,002009975;9,053075105
2,39605;1,264724039;0,001850749;9,048839438
2,40107;1,263521906;0,001824276;9,050927436
2,40608;1,261215882;0,001539874;9,050053686
2,4111;1,260325663;0,001546568;9,046413385
2,41612;1,261441863;0,001331607;9,049949002
2,42114;1,261460211;0,0012246;9,050414399
2,42615;1,260889105;0,001300768;9,050802292
2,43117;1,260494974;0,001013244;9,047992683
2,43619;1,262681853;0,000897311;9,046997881
2,4412;1,260648957;0,00076709;9,050468757
2,44622;1,26185318;0,000812767;9,04849949
2,45124;1,260831506;0,000931292;9,048504743
2,45626;1,263133814;0,000700178;9,048432856
2,46127;1,263358865;0,000594807;9,051565006
2,46629;1,266872132;0,000561391;9,050423561
2,47131;1,268534355;0,000645074;9,054131289
2,47633;1,269393917;0,000613425;9,051793002
2,48134;1,27230751;0,000502795;9,055335947
2,48636;1,273704037;0,000461944;9,054740275
2,49138;1,273097861;0,000459236;9,051670179
2,4964;1,27137084;0,000466068;9,055061595
2,50141;1,273984133;0,000474345;9,053839346
2,50643;1,273619033;0,000473879;9,05162596
2,51145;1,272098716;0,00049853;9,052422449
2,51647;1,276594638;0,000555364;9,054140694
2,52148;1,283568217;0,000641065;9,057209508
2,5265;1,278627302;0,000703463;9,053301818
2,53152;1,27666292;0,00079972;9,055989397
2,53654;1,278616154;0,00083825;9,058178354
2,54155;1,277651846;0,000911896;9,056576274
2,54657;1,27792358;0,001018099;9,061303602
2,55159;1,28529129;0,001069214;9,065770074
2,55661;1,292350337;0,001081209;9,074569263
2,56162;1,297778284;0,001076595;9,079198197
2,56664;1,304069973;0,000978006;9,087116062
2,57166;1,317508733;0,000822913;9,103124027
2,57668;1,327263522;0,000709535;9,115278719
2,58169;1,342485275;0,000576731;9,121844367
2,58671;1,374968878;0,00048273;9,155190526
2,59173;1,411290435;0,000436847;9,19330365
2,59675;1,452368964;0,00040398;9,238356206
2,60176;1,50276983;0,000391373;9,295932352
2,60678;1,540378291;0,000359004;9,344816192
2,6118;1,56990905;0,000312842;9,394711447
2,61682;1,596850207;0,000269167;9,416863636
2,62183;1,631153732;0,000230575;9,454187661
2,62685;1,611375207;0,000223387;9,432888702
2,63187;1,634398283;0,000224757;9,425645724
2,63689;1,665148362;0,000224924;9,440960478
2,6419;1,673688244;0,000227402;9,422941288
2,64692;1,698474109;0,000227406;9,431609164
2,65194;1,688354917;0,000247359;9,411433388
2,65696;1,67116135;0,000309854;9,382428496
2,66197;1,653768046;0,000439643;9,348085579
2,66699;1,591329593;0,000614794;9,299722716
2,67201;1,540605897;0,000711026;9,259468274
2,67703;1,530440256;0,000740752;9,245553377
2,68204;1,524350625;0,00070028;9,238138166
2,68706;1,507298731;0,000515808;9,228284809
2,69208;1,507563498;0,000359507;9,230330237
2,6971;1,507152413;0,000287566;9,227761389
2,70211;1,479674755;0,00023953;9,19542237
2,70713;1,458391241;0,000219578;9,168794547
2,71215;1,44313465;0,000266655;9,155345048
2,71717;1,41564329;0,000223483;9,126784787
2,72218;1,385154029;0,000218836;9,100027484
2,7272;1,362028298;0,000155183;9,082734485
2,73222;1,348164053;7,93E-05;9,0743897
2,73724;1,333381487;4,40E-05;9,06053875
2,74225;1,327162492;1,42E-05;9,057092915
2,74727;1,321206406;1,72E-06;9,052732409
2,75229;1,320467383;1,52E-06;9,051067238
2,75731;1,321450735;9,18E-06;9,050918946
2,76232;1,315392691;2,34E-05;9,05223116
2,76734;1,308820674;4,17E-05;9,046966793
2,77236;1,309475855;7,63E-05;9,051792147
2,77738;1,312547612;0,000104952;9,053183575
2,78239;1,31479743;0,000127907;9,057896306
2,78741;1,319301713;0,000148381;9,058370009
2,79243;1,32150183;0,000161181;9,066051633
2,79745;1,327986752;0,000153826;9,072603844
2,80246;1,337692769;0,000126617;9,08006303
2,80748;1,35070767;0,000103289;9,095067519
2,8125;1,369888845;0,00010027;9,116336552
2,81752;1,387863009;0,000105576;9,134735633
2,82253;1,415014353;0,000116218;9,172055384
2,82755;1,450199736;0,000117918;9,221265979
2,83257;1,521547351;0,000118963;9,314405946
2,83759;1,703476803;0,000111439;9,561490494
2,8426;1,828328162;6,91E-05;9,761816638
2,84762;2,146126976;4,76E-05;10,23963086
2,85264;2,141029059;4,15E-05;10,30533008
2,85766;2,513237398;3,82E-05;10,76618356
2,86267;2,568715278;4,04E-05;11,11871912
2,86769;2,267926553;4,32E-05;10,45051945
2,87271;2,370098567;4,65E-05;10,62517178
2,87773;2,132166348;5,72E-05;10,41442977
2,88274;2,028294253;5,64E-05;10,19871008
2,88776;1,932982943;5,75E-05;10,18811954
2,89278;1,825645659;6,22E-05;10,04014512
2,8978;1,796755913;5,14E-05;9,991333346
2,90281;1,727733134;4,46E-05;9,931973786
2,90783;1,642292507;4,37E-05;9,727211096
2,91285;1,634521376;4,72E-05;9,799976791
2,91787;1,532177496;4,03E-05;9,54807031
2,92288;1,489872912;4,88E-05;9,44849723
2,9279;1,454045819;5,43E-05;9,370503448
2,93292;1,418776825;4,76E-05;9,301849986
2,93794;1,389989502;4,71E-05;9,253666685
2,94295;1,370255569;4,21E-05;9,219011672
2,94797;1,355367561;5,03E-05;9,188780988
2,95299;1,339217963;5,38E-05;9,168074464
2,95801;1,325799874;4,64E-05;9,151827082
2,96302;1,307516583;5,66E-05;9,114426712
2,96804;1,295790677;4,85E-05;9,09187692
2,97306;1,286703146;5,43E-05;9,069192761
2,97808;1,278994259;6,20E-05;9,050664566
2,98309;1,270752355;0,000116469;9,042121162
2,98811;1,267496888;0,000276064;9,041900617
2,99313;1,261940506;0,000300414;9,038071349
2,99815;1,257461771;0,000214649;9,034567919
3,00316;1,253948041;0,000348798;9,033764589
3,00818;1,251503595;0,000610711;9,033197318
3,0132;1,250323758;0,000518615;9,033211365
3,01822;1,246096784;0,000303538;9,032412494
3,02323;1,243453531;0,000333977;9,028862952
3,02825;1,242354518;0,000621276;9,03102589
3,03327;1,239452073;0,000555137;9,030092102
3,03829;1,238574163;0,00034747;9,025691592
3,0433;1,235614351;0,000389214;9,028749473
3,04832;1,236704539;0,000507402;9,029884628
3,05334;1,235373507;0,000489839;9,027256903
3,05836;1,236523151;0,000344521;9,026608278
3,06337;1,237513935;0,000322282;9,027168404
3,06839;1,234022501;0,000396459;9,025848923
3,07341;1,233360816;0,000191202;9,025682858
3,07843;1,232304537;4,08E-05;9,025620499
3,08344;1,230925429;3,81E-06;9,022340302
3,08846;1,230498319;1,74E-06;9,023667968
3,09348;1,227752875;1,26E-06;9,025234745
3,0985;1,225775487;0;9,021876309
3,10351;1,225507005;0;9,023139479
3,10853;1,224498569;0;9,02719766
3,11355;1,224494621;0;9,027213417
3,11857;1,222995299;0;9,025417056
3,12358;1,221175958;0;9,025496943
3,1286;1,222859781;0;9,024882887
3,13362;1,219764172;0;9,025404535
3,13864;1,220679196;0;9,026414607
3,14365;1,22070112;0;9,025686461
3,14867;1,220266741;0;9,027029457
3,15369;1,218594554;0;9,027084792
3,15871;1,219066164;0;9,025953851
3,16372;1,21817411;0;9,027951152
3,16874;1,217598451;0;9,025951958
3,17376;1,217765905;0;9,025502806
3,17878;1,217708306;0;9,028560016
3,18379;1,219077428;0;9,029781532
3,18881;1,216925851;0;9,029847921
3,19383;1,216567534;0;9,029118737
3,19885;1,218116883;0;9,034305904
3,20386;1,217585213;0;9,036177144
3,20888;1,219514525;0;9,036993239
3,2139;1,216688421;0;9,042171244
3,21892;1,216426;0;9,04603441
3,22393;1,217469877;0;9,046332277
3,22895;1,218216101;0;9,052567199
3,23397;1,217763118;0;9,069156727
3,23898;1,217023769;0;9,086030135
3,244;1,217371333;0;9,097534981
3,24902;1,217396416;0;9,112903482
3,25404;1,216003721;0;9,110417087
3,25905;1,217965199;0;9,105518808
3,26407;1,216977783;0;9,100538078
3,26909;1,217765161;0;9,085258748
3,27411;1,217478563;0;9,06898999
3,27912;1,217778376;0;9,064752551
3,28414;1,219279649;0;9,06546042
3,28916;1,218563154;0;9,06583115
3,29418;1,218464308;0;9,067639604
3,29919;1,218375077;0;9,07130293
3,30421;1,218168187;0;9,081132467
3,30923;1,218673868;0;9,086443618
3,31425;1,219292307;0;9,090543025
3,31926;1,22030339;0;9,09593052
3,32428;1,219948626;0;9,099028895
3,3293;1,219230574;0;9,100203993
3,33432;1,222241272;0;9,110530688
3,33933;1,221471823;0;9,123189866
3,34435;1,222002541;0;9,150924993
3,34937;1,220421165;0;9,124606214
3,35439;1,220607779;0;9,082870684
3,3594;1,222001612;0;9,077292632
3,36442;1,222727397;0;9,077886289
3,36944;1,221287648;0;9,073013663
3,37446;1,220454702;0;9,069208641
3,37947;1,22007216;0;9,066840122
3,38449;1,220711502;0;9,065728543
3,38951;1,220335487;0;9,062556877
3,39453;1,220172052;0;9,072160434
3,39954;1,219778641;0;9,062421289
3,40456;1,220523611;0;9,054892843
3,40958;1,220076016;0;9,059559216
3,4146;1,221146393;0;9,057734333
3,41961;1,219927398;0;9,062845155
3,42463;1,221650726;0;9,057652552
3,42965;1,22222945;0;9,055065748
3,43467;1,222162214;0;9,055806231
3,43968;1,222689447;0;9,056648466
3,4447;1,223315481;0;9,055133542
3,44972;1,222663064;0;9,059493682
3,45474;1,224072156;0;9,057794309
3,45975;1,22278618;0;9,052528293
3,46477;1,224724085;0;9,055627584
3,46979;1,222948872;0;9,052637924
3,47481;1,221752011;0;9,053871533
3,47982;1,223822021;0;9,051430456
3,48484;1,223041146;0;9,052463736
3,48986;1,223341261;0;9,047296663
3,49488;1,22357537;0;9,047958908
3,49989;1,224765658;0;9,045327641
3,50491;1,224985136;0;9,047314559
3,50993;1,224996052;0;9,047388277
3,51495;1,224104903;0;9,045377235
3,51996;1,224716886;0;9,04346599
3,52498;1,225254083;0;9,04465483
3,53;1,224791438;0;9,049018756
3,53502;1,228776871;0;9,04834393
3,54003;1,226273899;0;9,050728451
3,54505;1,227107913;0;9,049378737
3,55007;1,231043645;0;9,051316855
3,55509;1,228094053;0;9,053470998
3,5601;1,22651126;0;9,052211066
3,56512;1,224304175;0;9,052340974
3,57014;1,225023457;0;9,050174249
3,57516;1,222355122;0;9,049098216
3,58017;1,222619122;0;9,04849265
3,58519;1,220988555;0;9,04754909
3,59021;1,222819601;0;9,04912967
3,59523;1,22145603;0;9,050408047
3,60024;1,222251143;0;9,053337059
3,60526;1,226196791;0;9,05550128
3,61028;1,224930092;0;9,061069742
3,6153;1,225616627;0;9,065502562
3,62031;1,225579235;0;9,06970763
3,62533;1,221936256;0;9,083571834
3,63035;1,222110793;0;9,073215213
3,63537;1,224330652;0;9,07467187
3,64038;1,223154043;0;9,086263444
3,6454;1,224202913;0;9,081917902
3,65042;1,222226594;0;9,070056373
3,65544;1,21957498;0;9,069648997
3,66045;1,219152608;0;9,104960576
3,66547;1,220155887;0;9,062511681
3,67049;1,219859999;0;9,06382481
3,67551;1,220513531;0;9,063722203
3,68052;1,219980909;0;9,060562569
3,68554;1,218849636;0;9,060943438
3,69056;1,220064659;0;9,064648112
3,69558;1,220087698;0;9,06742706
3,70059;1,221480579;0;9,06874813
3,70561;1,218305215;0;9,077014127
3,71063;1,219858745;0;9,084456822
3,71565;1,219216756;0;9,093361672
3,72066;1,218479845;0;9,103111811
3,72568;1,221186944;0;9,116322505
3,7307;1,220725902;0;9,142312696
3,73572;1,220880651;0;9,17601737
3,74073;1,221166715;0;9,207420708
3,74575;1,221215116;0;9,201721116
3,75077;1,221653467;0;9,180068527
3,75579;1,222720012;0;9,147568878
3,7608;1,222848772;0;9,105226255
3,76582;1,220272431;0;9,103467273
3,77084;1,221662176;0;9,109706164
3,77586;1,22249863;0;9,127901863
3,78087;1,222948292;0;9,103031802
3,78589;1,224227764;0;9,09095834
3,79091;1,224050324;0;9,089190196
3,79593;1,223623446;0;9,090742743
3,80094;1,225650768;0;9,09173156
3,80596;1,224264924;0;9,103287099
3,81098;1,225205775;0;9,09600259
3,816;1,226490821;0;9,097073859
3,82101;1,226586277;0;9,093083167
3,82603;1,226632495;0;9,08966903
3,83105;1,225690019;0;9,08577667
3,83607;1,226850114;0;9,083176063
3,84108;1,227630247;0;9,076118756
3,8461;1,227855298;0;9,070970678
3,85112;1,229212343;0;9,067742822
3,85614;1,229853356;0;9,065297347
3,86115;1,232193753;0;9,072120735
3,86617;1,22776681;0;9,057599966
3,87119;1,227686684;0;9,05741967
3,87621;1,22856529;0;9,055353232
3,88122;1,225396221;0;9,055442952
3,88624;1,225020903;0;9,062178818
3,89126;1,224875978;0;9,053661188
3,89628;1,225235967;0;9,050216208
3,90129;1,22463792;0;9,049836012
3,90631;1,225204381;0;9,051305495
3,91133;1,225766429;0;9,047341004
3,91635;1,227002936;0;9,046236998
3,92136;1,225365564;0;9,048665005
3,92638;1,226537736;0;9,049356933
3,9314;1,22544871;0;9,051650329
3,93642;1,227082598;0;9,05197513
3,94143;1,22612549;0;9,052509299
3,94645;1,226210262;0;9,054262846
3,95147;1,227809312;0;9,054363071
3,95649;1,230318788;0;9,05729135
3,9615;1,231034122;0;9,057224533
3,96652;1,230747524;0;9,060013742
3,97154;1,229628769;0;9,058200341
3,97656;1,231053167;0;9,055275421
3,98157;1,232974815;0;9,055397634
3,98659;1,233251658;0;9,05596912
3,99161;1,230353626;0;9,058962444
3,99663;1,22847448;0;9,057151059
4,00164;1,22869419;0;9,053312201
4,00666;1,228176269;0;9,057693229
4,01168;1,227300682;0;9,051658024
4,0167;1,227734063;0;9,05052287
4,02171;1,228169302;0;9,047922873
4,02673;1,227268399;0;9,050311181
4,03175;1,22780188;5,36E-05;9,045709731
4,03677;1,228089407;7,92E-05;9,042902444
4,04178;1,232881217;0,000117364;9,040780976
4,0468;1,225834479;2,46E-05;9,03903146
4,05182;1,226219784;4,67E-05;9,039496064
4,05683;1,234142807;0,000138041;9,038126317
4,06185;1,227304862;0,000159964;9,037270034
4,06687;1,229596022;0,000116937;9,037972406
4,07189;1,23878644;0;9,035886362
4,0769;1,228131677;0;9,037309611
4,08192;1,232556298;0;9,033384759
4,08694;1,242513842;0;9,032894443
4,09196;1,231091721;0;9,029280039
4,09697;1,235719329;0;9,030414705
4,10199;1,241853552;0;9,027794675
4,10701;1,232459681;0;9,027876883
4,11203;1,230339226;0;9,022790675
4,11704;1,228543227;0;9,02598158
4,12206;1,231667007;0;9,024161887
4,12708;1,231562262;0;9,023715057
4,1321;1,240278191;0;9,026888555
4,13711;1,229168912;0;9,024950987
4,14213;1,227092817;0;9,025805803
4,14715;1,229626911;0;9,026517703
4,15217;1,231121217;0;9,027942296
4,15718;1,232171225;0;9,027076668
4,1622;1,231882072;0;9,026866995
4,16722;1,230722209;0;9,026735438
4,17224;1,22969798;0;9,025771723
4,17725;1,228266848;0;9,02135289
4,18227;1,228402947;0;9,019047951
4,18729;1,227904071;0;9,016716443
4,19231;1,226550975;0;9,018409892
4,19732;1,224275144;0;9,013570002
4,20234;1,228758988;0;9,014706745
4,20736;1,22865192;0;9,014542512
4,21238;1,230084214;0;9,014437706
4,21739;1,229685903;0;9,01351369
4,22241;1,230156445;0;9,013749504
4,22743;1,232108749;0;9,012328026
4,23245;1,232719338;0;9,013703758
4,23746;1,234112846;0;9,012058376
4,24248;1,235334488;0;9,016257215
4,2475;1,236197534;0;9,014556071
4,25252;1,2358329;0;9,012737173
4,25753;1,235692388;0;9,014040957
4,26255;1,235173306;0;9,011200322
4,26757;1,233910788;0;9,012733386
4,27259;1,234720184;0;9,013692459
4,2776;1,23284336;0;9,012981781
4,28262;1,234829109;0;9,01141708
4,28764;1,233320172;0;9,014319768
4,29266;1,231672117;0;9,011769305
4,29767;1,230932164;0;9,012175153
4,30269;1,227810474;0;9,013778148
4,30771;1,228785929;0;9,013079869
4,31273;1,229549572;0;9,014844532
4,31774;1,226097852;0;9,011271354
4,32276;1,224066582;0;9,028519156
4,32778;1,223106571;0;9,011756601
4,3328;1,223048253;0;9,014873787
4,33781;1,223031043;0;9,013434108
4,34283;1,222245313;0;9,014349879
4,34785;1,222265821;0;9,009967508
4,35287;1,219958172;0;9,012036389
4,35788;1,221190102;0;9,012279776
4,3629;1,22090434;0;9,012044512
4,36792;1,220714057;0;9,011698029
4,37294;1,220616395;0;9,011662849
4,37795;1,219505328;0;9,007898871
4,38297;1,22106615;0;9,010323885
4,38799;1,220695523;0;9,007286036
4,39301;1,220477602;0;9,009652906
4,39802;1,220260191;0;9,008795769
4,40304;1,219703601;0;9,009076168
4,40806;1,220049284;0;9,00968833
4,41308;1,219361169;0;9,007908154
4,41809;1,219295721;0;9,007865157
4,42311;1,2189103;0;9,011244236
4,42813;1,219460712;0;9,007646567
4,43315;1,217526291;0;9,011465147
4,43816;1,217631059;0;9,005326615
4,44318;1,216980616;0;9,010803696
4,4482;1,216586672;0;9,006514588
4,45322;1,21759009;0;9,010577411
4,45823;1,214622243;0;9,00931418
4,46325;1,215470402;0;9,007167244
4,46827;1,214602781;0;9,006155523
4,47329;1,215156026;0;9,008034459
4,4783;1,214028516;0;9,00793631
4,48332;1,212685499;0;9,008445194
4,48834;1,212530657;0;9,009630064
4,49336;1,21147029;0;9,004649602
4,49837;1,211161187;0;9,007120521
4,50339;1,211279914;0;9,007859049
4,50841;1,211366404;0;9,006889593
4,51343;1,211116781;0;9,006677233
4,51844;1,212514492;0;9,010460328
4,52346;1,21047795;0;9,004925854
4,52848;1,209258816;0;9,006822593
4,5335;1,20984762;0;9,005978843
4,53851;1,211101731;0;9,008292932
4,54353;1,212554161;0;9,007143485
4,54855;1,211929684;0;9,008254637
4,55357;1,209134562;0;9,006223806
4,55858;1,211971187;0;9,004663943
4,5636;1,211152083;0;9,007717476
4,56862;1,211122866;0;9,007331232
4,57364;1,212586165;0;9,010060587
4,57865;1,212847843;0;9,010614117
4,58367;1,211656719;0;9,01154876
4,58869;1,211272668;0;9,007870593
4,59371;1,211894103;0;9,010142612
4,59872;1,209918666;0;9,01226921
4,60374;1,210830299;0;9,013078769
4,60876;1,210066122;0;9,014453402
4,61378;1,209959728;0;9,013199944
4,61879;1,20963655;0;9,010605628
4,62381;1,209059591;0;9,014439721
4,62883;1,208118718;0;9,011195436
4,63385;1,208728331;0;9,012769787
4,63886;1,209399305;0;9,012433443
4,64388;1,209374083;0;9,008679053
4,6489;1,20970158;0;9,008829971
4,65392;1,21046513;0;9,008430719
4,65893;1,209688272;0;9,00848019
4,66395;1,206798438;0;9,005271457
4,66897;1,208536189;0;9,006423219
4,67399;1,207911247;0;9,008943694
4,679;1,207451436;0;9,007813914
4,68402;1,206562703;0;9,007194239
4,68904;1,207058885;0;9,004685044
4,69406;1,206923134;0;9,006351393
4,69907;1,206550928;0;9,007542005
4,70409;1,20677008;0;9,00653059
4,70911;1,206164276;0;9,007677715
4,71413;1,205396592;0;9,006521245
4,71914;1,205983375;0;9,010621874
4,72416;1,206109441;0;9,008896666
4,72918;1,205470309;0;9,008156611
4,7342;1,206467434;0;9,011958029
4,73921;1,205643778;0;9,008802182
4,74423;1,206274293;0;9,009782265
4,74925;1,206444975;0;9,011480172
4,75427;1,207395139;0;9,016920986
4,75928;1,206596658;0;9,019738657
4,7643;1,208291698;0;9,018274243
4,76932;1,206202528;0;9,014133487
4,77434;1,20680169;0;9,010992665
4,77935;1,207172433;0;9,011269705
4,78437;1,206098619;0;9,008675755
4,78939;1,207048294;0;9,008024931
4,79441;1,206409952;0;9,009153367
4,79942;1,205944659;0;9,010563302
4,80444;1,208292233;0;9,008110498
4,80946;1,205757999;0;9,007277302
4,81448;1,206401451;0;9,007685105
4,81949;1,207680784;0;9,007457659
4,82451;1,207375513;0;9,008884695
4,82953;1,210867157;0;9,0136414
4,83455;1,213617222;0;9,015587763
4,83956;1,215498249;0;9,017734699
4,84458;1,21595943;0;9,018544869
4,8496;1,214179874;0;9,016296731
4,85461;1,220241379;0;9,023837514
4,85963;1,224739646;0;9,028067501
4,86465;1,227484857;0;9,030781648
4,86967;1,235154261;0;9,036085531
4,87468;1,239234453;0;9,046359944
4,8797;1,233074915;0;9,043767582
4,88472;1,230047983;0;9,039834057
4,88974;1,233452788;0;9,047158571
4,89475;1,23426381;0;9,051048732
4,89977;1,239623474;0;9,053077731
4,90479;1,250945031;1,88E-05;9,064085604
4,90981;1,249406366;0,000208087;9,067572421
4,91482;1,254212111;0,000279676;9,077703062
4,91984;1,260397429;0,000481403;9,092630595
4,92486;1,244173278;0,000386891;9,086830228
4,92988;1,248425104;0,000695673;9,095116991
4,93489;1,241799902;0,001697309;9,10273192
4,93991;1,23375936;0,002334404;9,09546268
4,94493;1,231261961;0,002116268;9,0981549
4,94995;1,227662529;0,003568292;9,093973652
4,95496;1,227248193;0,004251061;9,0902975
4,95998;1,22347016;0,002023694;9,086052733
4,965;1,223333829;0,001851755;9,087624213
4,97002;1,225551829;0,001829703;9,094301018
4,97503;1,224854611;0,002430986;9,101871362
4,98005;1,226750014;0,005927641;9,10592313
4,98507;1,225500734;0,005850755;9,111481638
4,99009;1,226299911;0,004098323;9,104373026
4,9951;1,232263893;0,005711019;9,104145214
5,00012;1,233113004;0,00328681;9,094525166
5,00514;1,230371974;0,005493448;9,086309251
5,01016;1,231249652;0,002975549;9,078297329
5,01517;1,234727383;0,000732578;9,07742761
5,02019;1,234943609;0,000266122;9,081759716
5,02521;1,234174625;0,000140457;9,086811294
5,03023;1,23453717;0,000112051;9,089777134
5,03524;1,235877492;3,12E-05;9,076965877
5,04026;1,242573995;0;9,063791219
5,04528;1,246332751;0;9,061263902
5,0503;1,247166998;0;9,056177205
5,05531;1,247270582;0;9,054070946
5,06033;1,248360305;0;9,055762195
5,06535;1,255268622;1,47E-05;9,059632873
5,07037;1,26441468;8,25E-05;9,063479732
5,07538;1,265720629;0,000127819;9,06268025
5,0804;1,264823907;0,00021023;9,062547715
5,08542;1,267392607;0,000354654;9,065683346
5,09044;1,274082839;0,00050053;9,068028046
5,09545;1,284009727;0,000762584;9,073941404
5,10047;1,292638561;0,00099681;9,076820517
5,10549;1,299907332;0,001257151;9,079482199
5,11051;1,305335046;0,001450068;9,08165833
5,11552;1,304451562;0,001799042;9,084475145
5,12054;1,306616377;0,002804794;9,082013791
5,12556;1,311898004;0,003724377;9,07956282
5,13058;1,313524461;0,003797585;9,081861712
5,13559;1,31716082;0,003736374;9,083346465
5,14061;1,321558499;0,004063131;9,0779437
5,14563;1,322811031;0,00570949;9,077237053
5,15065;1,317285075;0,007491398;9,072823717
5,15566;1,313912785;0,00738483;9,07017486
5,16068;1,31944478;0,006994741;9,072427335
5,1657;1,317899379;0,007614013;9,066841343
5,17072;1,311970467;0,009000474;9,064656662
5,17573;1,310696104;0,010697865;9,062005973
5,18075;1,314825301;0,013048219;9,067775803
5,18577;1,323182401;0,01534447;9,069107866
5,19079;1,335756025;0,015512924;9,074968088
5,1958;1,348112726;0,015829447;9,07724255
5,20082;1,355159928;0,016573785;9,082507283
5,20584;1,370298071;0,016414284;9,088192218
5,21086;1,395136657;0,015008388;9,100232088
5,21587;1,414889634;0,013226632;9,112479005
5,22089;1,437216886;0,013454079;9,125394702
5,22591;1,456252206;0,01339718;9,143165925
5,23093;1,489401442;0,011870391;9,268058584
5,23594;1,51919;0,010017341;9,186957265
5,24096;1,562058955;0,010199927;9,220537956
5,24598;1,598638543;0,010198715;9,252885526
5,251;1,64939243;0,008198933;9,303396425
5,25601;1,723364486;0,00654862;9,373866891
5,26103;1,808558927;0,006303005;9,447302588
5,26605;1,92212287;0,006956009;9,558631536
5,27107;2,093689266;0,009086037;9,71489211
5,27608;2,237908066;0,009569402;9,822947395
5,2811;2,386634864;0,009353924;9,958492894
5,28612;2,628852121;0,011310016;10,18989074
5,29114;2,993526226;0,014933321;10,53606831
5,29615;3,599249364;0,015976;11,17966665
5,30117;4,506748295;0,018459837;12,00505097
5,30619;5,078063395;0,02017771;12,47228075
5,31121;5,898909348;0,022535929;13,20399924
5,31622;5,468501143;0,028171633;12,41803935
5,32124;4,681772914;0,033970833;11,91142789
5,32626;4,372088962;0,036904109;11,67714116
5,33128;4,166407164;0,043732628;12,00585717
5,33629;3,974799799;0,056607724;11,92785117
5,34131;4,19402185;0,066811797;12,40677697
5,34633;5,012196912;0,089264808;13,73692215
5,35135;4,307012133;0,119290399;12,34570118
5,35636;4,128201817;0,139264532;12,09893056
5,36138;3,515030378;0,172047646;11,22861279
5,3664;2,898298527;0,206876176;10,49518417
5,37142;2,652158544;0,282745236;10,37204928
5,37643;2,508427473;0,37735085;10,42345677
5,38145;2,4255509;0,593732352;10,32252903
5,38647;2,434408967;0,612068087;10,54417306
5,39149;2,476729808;0,784920126;10,53165253
5,3965;2,314876164;0,66829703;10,10549621
5,40152;2,253873024;0,462862975;10,09229162
5,40654;2,027023838;0,387460848;9,672603233
5,41156;1,935328682;0,234848088;9,57818495
5,41657;1,846752662;0,222301498;9,454145519
5,42159;1,746691812;0,19970827;9,387166144
5,42661;1,707708422;0,224651315;9,399333052
5,43163;1,671690883;0,223541144;9,367335447
5,43664;1,641521432;0,200120108;9,346880554
5,44166;1,609294235;0,148654158;9,3164642
5,44668;1,562428234;0,120580044;9,279443722
5,4517;1,531796604;0,080296523;9,252217967
5,45671;1,474035692;0,06226643;9,179672756
5,46173;1,449804909;0,045906553;9,166553676
5,46675;1,429128268;0,040839157;9,158406777
5,47177;1,417488759;0,050687039;9,149594151
5,47678;1,407969937;0,049348084;9,13476495
5,4818;1,397189062;0,046569074;9,127659393
5,48682;1,395871732;0,039078998;9,127872547
5,49184;1,397562522;0,04387684;9,119025108
5,49685;1,395215158;0,029460589;9,110315701
5,50187;1,372663784;0,032845923;9,098873152
5,50689;1,370058388;0,022431799;9,10037867
5,51191;1,367541712;0,019667114;9,095258687
5,51692;1,35888524;0,01712832;9,090825195
5,52194;1,352208014;0,018571129;9,083222481
5,52696;1,334247784;0,011178683;9,076942057
5,53198;1,320499433;0,010734008;9,064464274
5,53699;1,314542883;0,009536593;9,06066878
5,54201;1,305873869;0,007714163;9,056225577
5,54703;1,295946053;0,008251466;9,052637008
5,55205;1,286637186;0,01110491;9,049318333
5,55706;1,281703006;0,010567661;9,041050442
5,56208;1,27157917;0,01184294;9,034813566
5,5671;1,264026356;0,013872184;9,023410839
5,57212;1,258302986;0,015267474;9,019809688
5,57713;1,252610737;0,012138333;9,02062676
5,58215;1,248493618;0,010686199;9,01712162
5,58717;1,247123103;0,01155811;9,014526327
5,59219;1,246994435;0,011481363;9,012792263
5,5972;1,243224531;0,01170348;9,010239112
5,60222;1,243546199;0,007662483;9,009710195
5,60724;1,2428736;0,005900231;9,009528678
5,61226;1,242060952;0,006393031;9,008394012
5,61727;1,240394781;0,00553718;9,007389132
5,62229;1,239756786;0,003718537;9,007150509
5,62731;1,240319996;0,002821144;9,005718288
5,63233;1,240138143;0,0023499;9,005452419
5,63734;1,242123892;0,00254586;9,00739469
5,64236;1,241206964;0,002214861;9,00720676
5,64738;1,241964335;0,001812265;9,00615021
5,6524;1,24154698;0,001426474;9,004197983
5,65741;1,242660857;0,001367204;9,002614826
5,66243;1,244382304;0,001304186;9,006433052
5,66745;1,242542641;0,001252687;9,00454752
5,67246;1,243746865;0,001159804;9,005795359
5,67748;1,242831794;0,000942026;9,003874514
5,6825;1,242088358;0,000788773;9,003917145
5,68752;1,243064278;0,000734562;9,003106015
5,69253;1,240806795;0,00067132;9,003840232
5,69755;1,237193428;0,000553144;9,001031448
5,70257;1,236401451;0,000455123;9,001242263
5,70759;1,237406867;0,000420876;9,001376874
5,7126;1,234750841;0,000433052;9,004404707
5,71762;1,232033964;0,000375887;9
5,72264;1,230401934;0,000497988;9
5,72766;1,228922261;0,000329624;9
5,73267;1,229419743;0,00040005;9,001592673
5,73769;1,224842534;0,000332313;9
5,74271;1,223874974;0,000434978;9
5,74773;1,224263066;0,000374033;9
5,75274;1,222423078;0,000322116;9
5,75776;1,219805466;0,000399944;9
5,76278;1,218875207;0,000241241;9
5,7678;1,218705779;0,00045686;9
5,77281;1,219479896;0,000218508;9
5,77783;1,217371774;0,000212343;9
5,78285;1,216934677;0,000370297;9
5,78787;1,215192536;0,000150775;9
5,79288;1,214871588;0,000268414;9
5,7979;1,214108224;9,57E-05;9
5,80292;1,213629253;0,00014743;9
5,80794;1,21194111;0,000203093;9
5,81295;1,212638631;8,14E-05;9
5,81797;1,212009601;1,24E-05;9
5,82299;1,212035939;4,77E-05;9
5,82801;1,211064733;0;9,002752551
5,83302;1,209584851;0;9,001431079
5,83804;1,211794235;0;9,004828371
5,84306;1,209695797;0;9,006560273
5,84808;1,209392941;0;9,008315408
5,85309;1,209999257;0;9,007177871
5,85811;1,209710708;0;9,007713139
5,86313;1,209131032;0;9,010404566
5,86815;1,208736297;0;9,010667803
5,87316;1,209683209;0;9,01382707
5,87818;1,208510572;0;9,003523994
5,8832;1,210796251;0;9,012839536
5,88822;1,209519588;0;9,009664877
5,89323;1,211859869;0;9,006477087
5,89825;1,21131503;0;9,005111622
5,90327;1,212309322;0;9,005935144
5,90829;1,21278272;0;9,006141476
5,9133;1,212978252;0;9,004599092
5,91832;1,212221531;0;9,000707752
5,92334;1,214112103;0;9
5,92836;1,216134664;0;9
5,93337;1,217296362;0;9
5,93839;1,218078631;0;9
5,94341;1,21942476;0;9
5,94843;1,21786273;0;9
5,95344;1,219415284;4,89E-05;9
5,95846;1,218930645;0;9
5,96348;1,218501375;1,65E-06;9
5,9685;1,219208836;2,33E-05;9
5,97351;1,218814148;0,000147635;9
5,97853;1,219636201;0,000185291;9
5,98355;1,21778553;0,000122544;9
5,98857;1,215455515;8,44E-05;9
5,99358;1,215416822;0;9
5,9986;1,213927022;2,95E-05;9
